{"motion_mean": [0.422119140625, 0.0234222412109375, 0.31494140625, 0.45361328125, 0.405517578125, -0.417724609375, 0.2161865234375, -0.10540771484375, -0.640625, 1.23046875, 0.1328125, 0.88720703125, -0.1253662109375, 0.01052093505859375, -0.1873779296875, -0.039276123046875, -0.446044921875, -0.50537109375, 0.0589599609375, 0.625, 0.21875, -0.48046875, -0.1279296875, -0.006256103515625, -0.5078125, 0.116455078125, -0.05657958984375, 0.02392578125, -0.415283203125, -0.58837890625, -0.18408203125, -0.54736328125, 0.39892578125, -0.341064453125, 0.06396484375, -0.1500244140625, 0.27001953125, -0.380859375, 0.039794921875, 0.055572509765625, 0.0452880859375, 0.1207275390625, -0.17041015625, -0.28955078125, -0.08013916015625, 0.1639404296875, 0.025390625, 0.150146484375, -0.1197509765625, -0.1641845703125, -0.297119140625, 0.0267486572265625, -0.09661865234375, -0.0565185546875, 0.069091796875, -0.140380859375, -0.26806640625, 0.196533203125, -0.10479736328125, -0.01091766357421875, 0.09246826171875, 0.123779296875, -0.1583251953125, -0.050689697265625, -0.1796875, 0.1400146484375, -0.225830078125, 0.07745361328125, -0.1304931640625, 0.01824951171875, 0.201416015625, 0.2047119140625, 0.010711669921875, 0.01282501220703125, 0.27587890625, 0.05084228515625, -0.055908203125, 0.07275390625, 0.09576416015625, 0.044921875, -0.1094970703125, 0.1656494140625, 0.0902099609375, 0.00550079345703125, 0.11419677734375, -0.1270751953125, -0.12939453125, -0.033782958984375, 0.0246124267578125, -0.0435791015625, 0.050567626953125, -0.0697021484375, -0.18212890625, 0.0152130126953125, 0.0241241455078125, 0.222412109375, 0.1395263671875, 0.07440185546875, 0.031097412109375, -0.120361328125, 1.1324882507324219e-06, -1.1920928955078125e-07, -5.960464477539063e-08, 0.07513427734375, 0.01690673828125, 0.049468994140625, 0.016998291015625, -0.049591064453125], "motion_std": [1.0869140625, 0.455810546875, 0.420166015625, 0.46728515625, 0.765625, 0.634765625, 0.9697265625, 0.79296875, 0.64306640625, 1.109375, 0.634765625, 0.833984375, 0.763671875, 0.70556640625, 0.5205078125, 0.488037109375, 0.6650390625, 0.337158203125, 0.43994140625, 0.396484375, 0.445068359375, 0.46142578125, 0.54931640625, 0.273681640625, 0.462646484375, 0.2705078125, 0.2822265625, 0.47998046875, 0.2939453125, 0.58154296875, 0.406494140625, 0.404052734375, 0.35009765625, 0.3857421875, 0.264404296875, 0.265869140625, 0.403076171875, 0.2626953125, 0.26318359375, 0.361572265625, 0.27490234375, 0.243896484375, 0.470703125, 0.223876953125, 0.1942138671875, 0.299560546875, 0.32470703125, 0.3349609375, 0.290283203125, 0.293701171875, 0.233154296875, 0.180419921875, 0.21484375, 0.1976318359375, 0.276611328125, 0.1363525390625, 0.25927734375, 0.434814453125, 0.255859375, 0.1947021484375, 0.192626953125, 0.1636962890625, 0.16259765625, 0.1634521484375, 0.17529296875, 0.19287109375, 0.517578125, 0.16357421875, 0.257568359375, 0.1805419921875, 0.291748046875, 0.12127685546875, 0.247314453125, 0.270263671875, 0.363525390625, 0.07342529296875, 0.1376953125, 0.146484375, 0.1292724609375, 0.13330078125, 0.132080078125, 0.2203369140625, 0.188232421875, 0.1810302734375, 0.15576171875, 0.1661376953125, 0.11859130859375, 0.1083984375, 0.07574462890625, 0.169677734375, 0.09259033203125, 0.1717529296875, 0.275390625, 0.14794921875, 0.1251220703125, 0.1910400390625, 0.200927734375, 0.151123046875, 0.10308837890625, 0.142333984375, 0.117919921875, 0.17138671875, 0.1209716796875, 0.0579833984375, 0.1302490234375, 0.1561279296875, 0.130126953125, 0.1561279296875]}